{
  "name": "baseline",
  "k": 10,
  "created": "2026-02-10 17:28:48",
  "latency_ms": {
    "p50": 364.9,
    "p95": 2125.0
  },
  "metrics": {
    "mrr": {
      "1": 0.5,
      "3": 0.6979166666666666,
      "5": 0.6979166666666666,
      "10": 0.7083333333333334
    },
    "ndcg": {
      "1": 0.5714285714285714,
      "3": 0.6065205197140192,
      "5": 0.6021616703819561,
      "10": 0.6500500521093812
    },
    "map": {
      "1": 0.5,
      "3": 0.45486111111111105,
      "5": 0.4552777777777778,
      "10": 0.4552887613378685
    },
    "precision": {
      "1": 0.5,
      "3": 0.5833333333333333,
      "5": 0.5875,
      "10": 0.5375
    },
    "recall": {
      "1": 0.044992334054834056,
      "3": 0.16548653552330023,
      "5": 0.2741336686189627,
      "10": 0.5390082548170784
    },
    "hit_rate": {
      "1": 0.5,
      "3": 0.9375,
      "5": 0.9375,
      "10": 1.0
    },
    "subtopic_recall": {
      "1": 0.045486738595523976,
      "3": 0.16946207146765555,
      "5": 0.2784080785797628,
      "10": 0.546316043920702
    },
    "alpha_ndcg": {
      "1": 0.8571428571428572,
      "3": 0.8973121925079947,
      "5": 0.9166886139095922,
      "10": 0.9914995840640576
    },
    "doc_coverage": {
      "1": 1.0,
      "3": 0.5833333333333333,
      "5": 0.41250000000000003,
      "10": 0.35625
    }
  },
  "negative_fp_rate": {
    "1": 0.0,
    "3": 0.0,
    "5": 0.0,
    "10": 0.0
  },
  "by_category": {
    "exact_lookup": {
      "mrr": 0.8333333333333334,
      "ndcg": 0.815941248314092,
      "map": 0.5647760770975057,
      "precision": 0.575,
      "recall": 0.7291666666666666,
      "subtopic_recall": 0.7291666666666666,
      "doc_coverage": 0.15,
      "count": 4
    },
    "conceptual": {
      "mrr": 0.5833333333333334,
      "ndcg": 0.6440229523996291,
      "map": 0.48577380952380955,
      "precision": 0.625,
      "recall": 0.5714460784313725,
      "subtopic_recall": 0.5823863636363636,
      "doc_coverage": 0.375,
      "count": 4
    },
    "cross_doc": {
      "mrr": 0.625,
      "ndcg": 0.49639769215824303,
      "map": 0.4787599206349206,
      "precision": 0.625,
      "recall": 0.31507936507936507,
      "subtopic_recall": 0.3283986453797775,
      "doc_coverage": 0.325,
      "count": 4
    },
    "natural": {
      "mrr": 0.7916666666666666,
      "ndcg": 0.6438383155655603,
      "map": 0.29184523809523805,
      "precision": 0.325,
      "recall": 0.540340909090909,
      "subtopic_recall": 0.5453125,
      "doc_coverage": 0.575,
      "count": 4
    },
    "negative": {
      "mrr": 0.0,
      "ndcg": 0.25090167565117477,
      "map": 0.0,
      "precision": 0.0,
      "recall": 0.0,
      "subtopic_recall": 0.0,
      "doc_coverage": 0.525,
      "count": 4
    }
  },
  "auto_filled": 0,
  "unjudged": 0
}