{
  "name": "baseline",
  "k": 10,
  "created": "2026-02-03 21:59:59",
  "latency_ms": {
    "p50": 348.2,
    "p95": 1938.1
  },
  "metrics": {
    "mrr": {
      "1": 0.8125,
      "3": 0.8645833333333334,
      "5": 0.8645833333333334,
      "10": 0.875
    },
    "ndcg": {
      "1": 0.7083333333333334,
      "3": 0.6680264295589652,
      "5": 0.7392838264941712,
      "10": 0.8617436744938204
    },
    "map": {
      "1": 0.8125,
      "3": 0.6041666666666666,
      "5": 0.6325,
      "10": 0.7594781234252961
    },
    "precision": {
      "1": 0.8125,
      "3": 0.5833333333333334,
      "5": 0.5875,
      "10": 0.50625
    },
    "recall": {
      "1": 0.2248015873015873,
      "3": 0.38229166666666664,
      "5": 0.6099206349206349,
      "10": 1.0
    },
    "hit_rate": {
      "1": 0.8125,
      "3": 0.9375,
      "5": 0.9375,
      "10": 1.0
    },
    "subtopic_recall": {
      "1": 0.32861373823544876,
      "3": 0.5033615416016731,
      "5": 0.6932184865573023,
      "10": 1.0
    },
    "alpha_ndcg": {
      "1": 1.4136904761904763,
      "3": 1.204821340231968,
      "5": 1.2631194964724792,
      "10": 1.3782110072875848
    },
    "doc_coverage": {
      "1": 1.0,
      "3": 0.9583333333333334,
      "5": 0.5875,
      "10": 0.54375
    }
  },
  "negative_fp_rate": {
    "1": 0.0,
    "3": 0.0,
    "5": 0.0,
    "10": 0.0
  },
  "by_category": {
    "exact_lookup": {
      "mrr": 0.7916666666666666,
      "ndcg": 0.8281767048817851,
      "map": 0.6238712522045855,
      "precision": 0.45,
      "recall": 1.0,
      "subtopic_recall": 1.0,
      "doc_coverage": 0.45,
      "count": 4
    },
    "conceptual": {
      "mrr": 0.7083333333333334,
      "ndcg": 0.7755808426658735,
      "map": 0.7192424886621315,
      "precision": 0.525,
      "recall": 1.0,
      "subtopic_recall": 1.0,
      "doc_coverage": 0.6,
      "count": 4
    },
    "cross_doc": {
      "mrr": 1.0,
      "ndcg": 0.9106877120350149,
      "map": 0.9380031179138322,
      "precision": 0.675,
      "recall": 1.0,
      "subtopic_recall": 1.0,
      "doc_coverage": 0.55,
      "count": 4
    },
    "natural": {
      "mrr": 1.0,
      "ndcg": 0.932529438392608,
      "map": 0.756795634920635,
      "precision": 0.375,
      "recall": 1.0,
      "subtopic_recall": 1.0,
      "doc_coverage": 0.575,
      "count": 4
    },
    "negative": {
      "mrr": 0.0,
      "ndcg": 0.0,
      "map": 0.0,
      "precision": 0.0,
      "recall": 0.0,
      "subtopic_recall": 0.0,
      "doc_coverage": 0.575,
      "count": 4
    }
  }
}