{
  "name": "baseline-20260225",
  "k": 10,
  "runs": 3,
  "created": "2026-02-25 16:32:07",
  "latency_ms": {
    "p50": 10837.5,
    "p95": 23651.2
  },
  "metrics": {
    "ndcg": {
      "1": 0.6593406593406593,
      "3": 0.6852313388436647,
      "5": 0.6786648431243961,
      "10": 0.7206368883186635
    },
    "mrr": {
      "1": 0.7307692307692307,
      "3": 0.8076923076923078,
      "5": 0.8173076923076922,
      "10": 0.8228021978021977
    },
    "precision": {
      "1": 0.7307692307692307,
      "3": 0.6282051282051282,
      "5": 0.5461538461538462,
      "10": 0.4615384615384615
    },
    "map": {
      "1": 0.7307692307692307,
      "3": 0.6153846153846154,
      "5": 0.5644017094017094,
      "10": 0.5432738095238095
    },
    "recall": {
      "1": 0.1558108558108558,
      "3": 0.31519799644799645,
      "5": 0.4221250971250971,
      "10": 0.6452256077256078
    },
    "hit_rate": {
      "1": 0.7307692307692307,
      "3": 0.923076923076923,
      "5": 0.9615384615384616,
      "10": 1.0
    },
    "doc_coverage": {
      "1": 1.0,
      "3": 0.7179487179487177,
      "5": 0.49230769230769234,
      "10": 0.2692307692307692
    },
    "subtopic_recall": {
      "1": 0.17170505706309494,
      "3": 0.3335024574963263,
      "5": 0.44571666326061626,
      "10": 0.6599251673165349
    },
    "alpha_ndcg": {
      "1": 1.1813186813186813,
      "3": 1.15871238020382,
      "5": 1.1295004443011811,
      "10": 1.1600431182551119
    }
  },
  "negative_fp_rate": {
    "1": 0.0,
    "3": 0.0,
    "5": 0.0,
    "10": 0.0
  },
  "by_category": {
    "exact_lookup": {
      "ndcg": 0.677759223839737,
      "mrr": 0.8055555555555555,
      "map": 0.6712962962962963,
      "precision": 0.25,
      "recall": 0.8833333333333333,
      "subtopic_recall": 0.8833333333333333,
      "doc_coverage": 0.21666666666666667,
      "count": 6
    },
    "conceptual": {
      "ndcg": 0.6848353941472989,
      "mrr": 0.7638888888888888,
      "map": 0.5042063492063492,
      "precision": 0.43333333333333335,
      "recall": 0.6979797979797979,
      "subtopic_recall": 0.7240214646464646,
      "doc_coverage": 0.2833333333333333,
      "count": 6
    },
    "cross_doc": {
      "ndcg": 0.7497682715080017,
      "mrr": 0.8541666666666666,
      "map": 0.5775198412698412,
      "precision": 0.6875,
      "recall": 0.47288961038961036,
      "subtopic_recall": 0.4767003308607218,
      "doc_coverage": 0.275,
      "count": 8
    },
    "natural": {
      "ndcg": 0.7604742027165038,
      "mrr": 0.8571428571428572,
      "map": 0.4086574074074074,
      "precision": 0.39999999999999997,
      "recall": 0.5841450216450216,
      "subtopic_recall": 0.6167204859108907,
      "doc_coverage": 0.3,
      "count": 6
    },
    "negative": {
      "ndcg": 0.25,
      "mrr": 0.0,
      "map": 0.0,
      "precision": 0.0,
      "recall": 0.0,
      "subtopic_recall": 0.0,
      "doc_coverage": 0.20000000000000004,
      "count": 4
    }
  },
  "auto_filled": 0,
  "unjudged": 0
}