{
  "name": "decay-085",
  "k": 10,
  "created": "2026-02-07 14:04:10",
  "config": {
    "rrf_k": 60,
    "rrf_weight": 30.0,
    "exact_phrase_bonus": 0.3,
    "exact_term_bonus": 0.15,
    "index_penalty": -0.5,
    "diversity_decay": 0.85,
    "mode": "hybrid"
  },
  "latency_ms": {
    "p50": 295.0,
    "p95": 620.5
  },
  "metrics": {
    "mrr": {
      "1": 0.5625,
      "3": 0.6145833333333334,
      "5": 0.6145833333333334,
      "10": 0.6145833333333334
    },
    "ndcg": {
      "1": 0.5,
      "3": 0.4495324044297097,
      "5": 0.4586739430591232,
      "10": 0.48732933009480695
    },
    "map": {
      "1": 0.5625,
      "3": 0.40625,
      "5": 0.3875,
      "10": 0.34913607804232805
    },
    "precision": {
      "1": 0.5625,
      "3": 0.4583333333333333,
      "5": 0.4625,
      "10": 0.4125
    },
    "recall": {
      "1": 0.04625009726112667,
      "3": 0.12095345082477435,
      "5": 0.1924325980392157,
      "10": 0.32313161375661376
    },
    "hit_rate": {
      "1": 0.5625,
      "3": 0.6875,
      "5": 0.6875,
      "10": 0.6875
    },
    "subtopic_recall": {
      "1": 0.04947101132563089,
      "3": 0.12804136542952158,
      "5": 0.1999469094958888,
      "10": 0.3299482327352158
    },
    "alpha_ndcg": {
      "1": 0.8125,
      "3": 0.7049396086835822,
      "5": 0.727587529823795,
      "10": 0.7627038241378722
    },
    "doc_coverage": {
      "1": 1.0,
      "3": 0.7083333333333333,
      "5": 0.65,
      "10": 0.5625
    }
  },
  "negative_fp_rate": {
    "1": 0.0,
    "3": 0.0,
    "5": 0.0,
    "10": 0.0
  },
  "by_category": {
    "exact_lookup": {
      "mrr": 0.8333333333333334,
      "ndcg": 0.7347362103872184,
      "map": 0.5174305555555556,
      "precision": 0.575,
      "recall": 0.4966386554621849,
      "subtopic_recall": 0.5023358585858586,
      "doc_coverage": 0.325,
      "count": 4
    },
    "conceptual": {
      "mrr": 0.875,
      "ndcg": 0.6971983703314362,
      "map": 0.5658002645502646,
      "precision": 0.675,
      "recall": 0.5324074074074074,
      "subtopic_recall": 0.5511178861788618,
      "doc_coverage": 0.55,
      "count": 4
    },
    "cross_doc": {
      "mrr": 0.0,
      "ndcg": 0.0,
      "map": 0.0,
      "precision": 0.0,
      "recall": 0.0,
      "subtopic_recall": 0.0,
      "doc_coverage": 0.625,
      "count": 4
    },
    "natural": {
      "mrr": 0.75,
      "ndcg": 0.5173827396605732,
      "map": 0.313313492063492,
      "precision": 0.4,
      "recall": 0.26348039215686275,
      "subtopic_recall": 0.2663391861761427,
      "doc_coverage": 0.75,
      "count": 4
    },
    "negative": {
      "mrr": 0.0,
      "ndcg": 0.11102433195331393,
      "map": 0.0,
      "precision": 0.0,
      "recall": 0.0,
      "subtopic_recall": 0.0,
      "doc_coverage": 0.7,
      "count": 4
    }
  },
  "auto_filled": 0,
  "unjudged": 0
}