{
  "name": "decay-090",
  "k": 10,
  "created": "2026-02-07 14:04:19",
  "config": {
    "rrf_k": 60,
    "rrf_weight": 30.0,
    "exact_phrase_bonus": 0.3,
    "exact_term_bonus": 0.15,
    "index_penalty": -0.5,
    "diversity_decay": 0.9,
    "mode": "hybrid"
  },
  "latency_ms": {
    "p50": 310.5,
    "p95": 347.6
  },
  "metrics": {
    "mrr": {
      "1": 0.5625,
      "3": 0.6145833333333334,
      "5": 0.6145833333333334,
      "10": 0.6145833333333334
    },
    "ndcg": {
      "1": 0.5,
      "3": 0.45571800496745585,
      "5": 0.45939384244836706,
      "10": 0.5003466332206815
    },
    "map": {
      "1": 0.5625,
      "3": 0.40625,
      "5": 0.390625,
      "10": 0.3693706597222222
    },
    "precision": {
      "1": 0.5625,
      "3": 0.4583333333333333,
      "5": 0.4625,
      "10": 0.43125
    },
    "recall": {
      "1": 0.04625009726112667,
      "3": 0.12095345082477435,
      "5": 0.19090073529411763,
      "10": 0.3396246693121693
    },
    "hit_rate": {
      "1": 0.5625,
      "3": 0.6875,
      "5": 0.6875,
      "10": 0.6875
    },
    "subtopic_recall": {
      "1": 0.04947101132563089,
      "3": 0.12673928209618823,
      "5": 0.1986448261625555,
      "10": 0.34618607098392357
    },
    "alpha_ndcg": {
      "1": 0.8125,
      "3": 0.7064363176179893,
      "5": 0.730100391869587,
      "10": 0.7891136640610829
    },
    "doc_coverage": {
      "1": 1.0,
      "3": 0.6041666666666666,
      "5": 0.5625,
      "10": 0.4875
    }
  },
  "negative_fp_rate": {
    "1": 0.0,
    "3": 0.0,
    "5": 0.0,
    "10": 0.0
  },
  "by_category": {
    "exact_lookup": {
      "mrr": 0.8333333333333334,
      "ndcg": 0.7595311327575205,
      "map": 0.5657638888888888,
      "precision": 0.6,
      "recall": 0.5174719887955183,
      "subtopic_recall": 0.5250631313131313,
      "doc_coverage": 0.275,
      "count": 4
    },
    "conceptual": {
      "mrr": 0.875,
      "ndcg": 0.6964997173205327,
      "map": 0.5658531746031745,
      "precision": 0.675,
      "recall": 0.5324074074074074,
      "subtopic_recall": 0.5511178861788618,
      "doc_coverage": 0.475,
      "count": 4
    },
    "cross_doc": {
      "mrr": 0.0,
      "ndcg": 0.0,
      "map": 0.0,
      "precision": 0.0,
      "recall": 0.0,
      "subtopic_recall": 0.0,
      "doc_coverage": 0.55,
      "count": 4
    },
    "natural": {
      "mrr": 0.75,
      "ndcg": 0.5453556828046728,
      "map": 0.3458655753968254,
      "precision": 0.45,
      "recall": 0.30861928104575165,
      "subtopic_recall": 0.30856326644370125,
      "doc_coverage": 0.6499999999999999,
      "count": 4
    },
    "negative": {
      "mrr": 0.0,
      "ndcg": 0.1330352108799652,
      "map": 0.0,
      "precision": 0.0,
      "recall": 0.0,
      "subtopic_recall": 0.0,
      "doc_coverage": 0.575,
      "count": 4
    }
  },
  "auto_filled": 0,
  "unjudged": 0
}