{
  "name": "decay-095",
  "k": 10,
  "created": "2026-02-07 14:04:26",
  "config": {
    "rrf_k": 60,
    "rrf_weight": 30.0,
    "exact_phrase_bonus": 0.3,
    "exact_term_bonus": 0.15,
    "index_penalty": -0.5,
    "diversity_decay": 0.95,
    "mode": "hybrid"
  },
  "latency_ms": {
    "p50": 294.9,
    "p95": 348.3
  },
  "metrics": {
    "mrr": {
      "1": 0.5625,
      "3": 0.6145833333333334,
      "5": 0.6145833333333334,
      "10": 0.6145833333333334
    },
    "ndcg": {
      "1": 0.5,
      "3": 0.4590095700364462,
      "5": 0.47145201701893213,
      "10": 0.5225005555835616
    },
    "map": {
      "1": 0.5625,
      "3": 0.4131944444444444,
      "5": 0.41229166666666667,
      "10": 0.40140190972222217
    },
    "precision": {
      "1": 0.5625,
      "3": 0.4583333333333333,
      "5": 0.4875,
      "10": 0.45625
    },
    "recall": {
      "1": 0.04625009726112667,
      "3": 0.12095345082477435,
      "5": 0.20571555010893247,
      "10": 0.3664541511048864
    },
    "hit_rate": {
      "1": 0.5625,
      "3": 0.6875,
      "5": 0.6875,
      "10": 0.6875
    },
    "subtopic_recall": {
      "1": 0.04947101132563089,
      "3": 0.12673928209618823,
      "5": 0.21348857616255548,
      "10": 0.37145572637934116
    },
    "alpha_ndcg": {
      "1": 0.8125,
      "3": 0.7100021797760623,
      "5": 0.7562412197602746,
      "10": 0.823650665970391
    },
    "doc_coverage": {
      "1": 1.0,
      "3": 0.5833333333333333,
      "5": 0.4625,
      "10": 0.3875
    }
  },
  "negative_fp_rate": {
    "1": 0.0,
    "3": 0.0,
    "5": 0.0,
    "10": 0.0
  },
  "by_category": {
    "exact_lookup": {
      "mrr": 0.8333333333333334,
      "ndcg": 0.8027553127178368,
      "map": 0.6607638888888889,
      "precision": 0.7,
      "recall": 0.597829131652661,
      "subtopic_recall": 0.6044191919191919,
      "doc_coverage": 0.15,
      "count": 4
    },
    "conceptual": {
      "mrr": 0.875,
      "ndcg": 0.7218215530846881,
      "map": 0.6027678571428571,
      "precision": 0.7,
      "recall": 0.5740740740740741,
      "subtopic_recall": 0.5884654471544716,
      "doc_coverage": 0.375,
      "count": 4
    },
    "cross_doc": {
      "mrr": 0.0,
      "ndcg": 0.0,
      "map": 0.0,
      "precision": 0.0,
      "recall": 0.0,
      "subtopic_recall": 0.0,
      "doc_coverage": 0.45,
      "count": 4
    },
    "natural": {
      "mrr": 0.75,
      "ndcg": 0.5654253565317213,
      "map": 0.34207589285714285,
      "precision": 0.425,
      "recall": 0.29391339869281047,
      "subtopic_recall": 0.29293826644370125,
      "doc_coverage": 0.575,
      "count": 4
    },
    "negative": {
      "mrr": 0.0,
      "ndcg": 0.17711023753082247,
      "map": 0.0,
      "precision": 0.0,
      "recall": 0.0,
      "subtopic_recall": 0.0,
      "doc_coverage": 0.525,
      "count": 4
    }
  },
  "auto_filled": 0,
  "unjudged": 0
}