{
  "name": "dhondt-diversity",
  "k": 10,
  "created": "2026-02-03 22:18:29",
  "latency_ms": {
    "p50": 331.0,
    "p95": 1894.4
  },
  "metrics": {
    "mrr": {
      "1": 0.4375,
      "3": 0.46875,
      "5": 0.46875,
      "10": 0.46875
    },
    "ndcg": {
      "1": 0.4375,
      "3": 0.36728804228524814,
      "5": 0.3014894258098227,
      "10": 0.2761837560323524
    },
    "map": {
      "1": 0.4375,
      "3": 0.26041666666666663,
      "5": 0.17875,
      "10": 0.16674658289241623
    },
    "precision": {
      "1": 0.4375,
      "3": 0.2708333333333333,
      "5": 0.17500000000000002,
      "10": 0.11875000000000001
    },
    "recall": {
      "1": 0.0794890873015873,
      "3": 0.13616071428571427,
      "5": 0.14310515873015872,
      "10": 0.17782738095238096
    },
    "hit_rate": {
      "1": 0.4375,
      "3": 0.5,
      "5": 0.5,
      "10": 0.5
    },
    "subtopic_recall": {
      "1": 0.1490337787212787,
      "3": 0.20297636391386392,
      "5": 0.21434000027750028,
      "10": 0.23138545482295483
    },
    "alpha_ndcg": {
      "1": 0.9017857142857143,
      "3": 0.6545603102704344,
      "5": 0.5318242019471088,
      "10": 0.46115022395180255
    },
    "doc_coverage": {
      "1": 1.0,
      "3": 0.3333333333333333,
      "5": 0.2,
      "10": 0.1
    }
  },
  "negative_fp_rate": {
    "1": 0.0,
    "3": 0.0,
    "5": 0.0,
    "10": 0.0
  },
  "by_category": {
    "exact_lookup": {
      "mrr": 0.25,
      "ndcg": 0.32910126935938394,
      "map": 0.2265101410934744,
      "precision": 0.225,
      "recall": 0.25,
      "subtopic_recall": 0.25,
      "doc_coverage": 0.1,
      "count": 4
    },
    "conceptual": {
      "mrr": 0.75,
      "ndcg": 0.24261527191300958,
      "map": 0.16964285714285715,
      "precision": 0.1,
      "recall": 0.16964285714285715,
      "subtopic_recall": 0.22335164835164834,
      "doc_coverage": 0.1,
      "count": 4
    },
    "cross_doc": {
      "mrr": 0.5,
      "ndcg": 0.26171380965886193,
      "map": 0.1875,
      "precision": 0.1,
      "recall": 0.1875,
      "subtopic_recall": 0.2264957264957265,
      "doc_coverage": 0.1,
      "count": 4
    },
    "natural": {
      "mrr": 0.375,
      "ndcg": 0.2713046731981541,
      "map": 0.08333333333333333,
      "precision": 0.05,
      "recall": 0.10416666666666666,
      "subtopic_recall": 0.22569444444444445,
      "doc_coverage": 0.1,
      "count": 4
    },
    "negative": {
      "mrr": 0.0,
      "ndcg": 0.0,
      "map": 0.0,
      "precision": 0.0,
      "recall": 0.0,
      "subtopic_recall": 0.0,
      "doc_coverage": 0.1,
      "count": 4
    }
  }
}