{
  "name": "fts-only",
  "k": 10,
  "created": "2026-02-07 13:59:43",
  "config": {
    "rrf_k": 60,
    "rrf_weight": 30.0,
    "exact_phrase_bonus": 0.3,
    "exact_term_bonus": 0.15,
    "index_penalty": -0.5,
    "diversity_decay": 0.8,
    "mode": "fts_only"
  },
  "latency_ms": {
    "p50": 254.9,
    "p95": 273.3
  },
  "metrics": {
    "mrr": {
      "1": 0.25,
      "3": 0.3333333333333333,
      "5": 0.3333333333333333,
      "10": 0.3333333333333333
    },
    "ndcg": {
      "1": 0.18154761904761904,
      "3": 0.2555667293688653,
      "5": 0.25008717773681033,
      "10": 0.2562320404575
    },
    "map": {
      "1": 0.25,
      "3": 0.2777777777777778,
      "5": 0.23291666666666666,
      "10": 0.22597718253968252
    },
    "precision": {
      "1": 0.25,
      "3": 0.3125,
      "5": 0.2625,
      "10": 0.225
    },
    "recall": {
      "1": 0.02584908963585434,
      "3": 0.08953470276999688,
      "5": 0.11697692966075318,
      "10": 0.2013256691565515
    },
    "hit_rate": {
      "1": 0.25,
      "3": 0.4375,
      "5": 0.4375,
      "10": 0.4375
    },
    "subtopic_recall": {
      "1": 0.02703598484848485,
      "3": 0.0932332086104952,
      "5": 0.12143712275190933,
      "10": 0.2066170469943336
    },
    "alpha_ndcg": {
      "1": 0.27976190476190477,
      "3": 0.4072590945594588,
      "5": 0.3916460429913076,
      "10": 0.40609455992371285
    },
    "doc_coverage": {
      "1": 0.5625,
      "3": 0.20833333333333331,
      "5": 0.15000000000000002,
      "10": 0.07500000000000001
    }
  },
  "negative_fp_rate": {
    "1": 0.0,
    "3": 0.0,
    "5": 0.0,
    "10": 0.0
  },
  "by_category": {
    "exact_lookup": {
      "mrr": 1.0,
      "ndcg": 0.8367311882072396,
      "map": 0.8455753968253967,
      "precision": 0.775,
      "recall": 0.7156862745098039,
      "subtopic_recall": 0.736300505050505,
      "doc_coverage": 0.1,
      "count": 4
    },
    "conceptual": {
      "mrr": 0.3333333333333333,
      "ndcg": 0.18819697362276028,
      "map": 0.058333333333333334,
      "precision": 0.125,
      "recall": 0.08961640211640212,
      "subtopic_recall": 0.09016768292682927,
      "doc_coverage": 0.1,
      "count": 4
    },
    "cross_doc": {
      "mrr": 0.0,
      "ndcg": 0.0,
      "map": 0.0,
      "precision": 0.0,
      "recall": 0.0,
      "subtopic_recall": 0.0,
      "doc_coverage": 0.1,
      "count": 4
    },
    "natural": {
      "mrr": 0.0,
      "ndcg": 0.0,
      "map": 0.0,
      "precision": 0.0,
      "recall": 0.0,
      "subtopic_recall": 0.0,
      "doc_coverage": 0.0,
      "count": 4
    },
    "negative": {
      "mrr": 0.0,
      "ndcg": 0.0,
      "map": 0.0,
      "precision": 0.0,
      "recall": 0.0,
      "subtopic_recall": 0.0,
      "doc_coverage": 0.0,
      "count": 4
    }
  },
  "auto_filled": 0,
  "unjudged": 0
}