{
  "name": "high-rrf-weight",
  "k": 10,
  "created": "2026-02-07 14:00:47",
  "config": {
    "rrf_k": 60,
    "rrf_weight": 50,
    "exact_phrase_bonus": 0.3,
    "exact_term_bonus": 0.15,
    "index_penalty": -0.5,
    "diversity_decay": 0.8,
    "mode": "hybrid"
  },
  "latency_ms": {
    "p50": 261.2,
    "p95": 281.7
  },
  "metrics": {
    "mrr": {
      "1": 0.5625,
      "3": 0.59375,
      "5": 0.609375,
      "10": 0.609375
    },
    "ndcg": {
      "1": 0.5,
      "3": 0.431491049477121,
      "5": 0.44638769057615696,
      "10": 0.4650118533064948
    },
    "map": {
      "1": 0.5625,
      "3": 0.3993055555555555,
      "5": 0.36895833333333333,
      "10": 0.3189236111111111
    },
    "precision": {
      "1": 0.5625,
      "3": 0.4375,
      "5": 0.4375,
      "10": 0.38125
    },
    "recall": {
      "1": 0.04625009726112667,
      "3": 0.10845345082477435,
      "5": 0.17472426470588234,
      "10": 0.2876536725801432
    },
    "hit_rate": {
      "1": 0.5625,
      "3": 0.625,
      "5": 0.6875,
      "10": 0.6875
    },
    "subtopic_recall": {
      "1": 0.04947101132563089,
      "3": 0.11554136542952158,
      "5": 0.18176509131407062,
      "10": 0.29327683122006426
    },
    "alpha_ndcg": {
      "1": 0.8125,
      "3": 0.6808844687467972,
      "5": 0.7033331405796045,
      "10": 0.7259382198268884
    },
    "doc_coverage": {
      "1": 1.0,
      "3": 0.75,
      "5": 0.725,
      "10": 0.6
    }
  },
  "negative_fp_rate": {
    "1": 0.0,
    "3": 0.0,
    "5": 0.0,
    "10": 0.0
  },
  "by_category": {
    "exact_lookup": {
      "mrr": 0.8125,
      "ndcg": 0.6757896871851337,
      "map": 0.43374999999999997,
      "precision": 0.5,
      "recall": 0.41109943977591035,
      "subtopic_recall": 0.4129419191919192,
      "doc_coverage": 0.375,
      "count": 4
    },
    "conceptual": {
      "mrr": 0.875,
      "ndcg": 0.6736251135716753,
      "map": 0.5492261904761905,
      "precision": 0.65,
      "recall": 0.4907407407407407,
      "subtopic_recall": 0.5042428861788618,
      "doc_coverage": 0.575,
      "count": 4
    },
    "cross_doc": {
      "mrr": 0.0,
      "ndcg": 0.0,
      "map": 0.0,
      "precision": 0.0,
      "recall": 0.0,
      "subtopic_recall": 0.0,
      "doc_coverage": 0.65,
      "count": 4
    },
    "natural": {
      "mrr": 0.75,
      "ndcg": 0.5106326124691704,
      "map": 0.29271825396825396,
      "precision": 0.375,
      "recall": 0.24877450980392157,
      "subtopic_recall": 0.25592251950947603,
      "doc_coverage": 0.8,
      "count": 4
    },
    "negative": {
      "mrr": 0.0,
      "ndcg": 0.1093381197875775,
      "map": 0.0,
      "precision": 0.0,
      "recall": 0.0,
      "subtopic_recall": 0.0,
      "doc_coverage": 0.75,
      "count": 4
    }
  },
  "auto_filled": 0,
  "unjudged": 0
}