{
  "name": "low-rrf-weight",
  "k": 10,
  "created": "2026-02-07 14:00:54",
  "config": {
    "rrf_k": 60,
    "rrf_weight": 15,
    "exact_phrase_bonus": 0.3,
    "exact_term_bonus": 0.15,
    "index_penalty": -0.5,
    "diversity_decay": 0.8,
    "mode": "hybrid"
  },
  "latency_ms": {
    "p50": 271.1,
    "p95": 290.0
  },
  "metrics": {
    "mrr": {
      "1": 0.5625,
      "3": 0.59375,
      "5": 0.609375,
      "10": 0.609375
    },
    "ndcg": {
      "1": 0.5,
      "3": 0.4451582037090607,
      "5": 0.45387346444292925,
      "10": 0.46939318870143576
    },
    "map": {
      "1": 0.5625,
      "3": 0.42013888888888884,
      "5": 0.38708333333333333,
      "10": 0.3248611111111111
    },
    "precision": {
      "1": 0.5625,
      "3": 0.4583333333333333,
      "5": 0.45,
      "10": 0.38125
    },
    "recall": {
      "1": 0.04625009726112667,
      "3": 0.11291773653906007,
      "5": 0.17918855042016807,
      "10": 0.28901532835356364
    },
    "hit_rate": {
      "1": 0.5625,
      "3": 0.625,
      "5": 0.6875,
      "10": 0.6875
    },
    "subtopic_recall": {
      "1": 0.04947101132563089,
      "3": 0.1201145361612289,
      "5": 0.18633826204577794,
      "10": 0.29509974788673093
    },
    "alpha_ndcg": {
      "1": 0.8125,
      "3": 0.7003873941384352,
      "5": 0.7152764515037887,
      "10": 0.7295913080660344
    },
    "doc_coverage": {
      "1": 1.0,
      "3": 0.75,
      "5": 0.725,
      "10": 0.59375
    }
  },
  "negative_fp_rate": {
    "1": 0.0,
    "3": 0.0,
    "5": 0.0,
    "10": 0.0
  },
  "by_category": {
    "exact_lookup": {
      "mrr": 0.8125,
      "ndcg": 0.69727174502971,
      "map": 0.4598611111111111,
      "precision": 0.525,
      "recall": 0.4258053221288516,
      "subtopic_recall": 0.42960858585858586,
      "doc_coverage": 0.325,
      "count": 4
    },
    "conceptual": {
      "mrr": 0.875,
      "ndcg": 0.6696683973068626,
      "map": 0.5468650793650793,
      "precision": 0.625,
      "recall": 0.48148148148148145,
      "subtopic_recall": 0.4948678861788618,
      "doc_coverage": 0.575,
      "count": 4
    },
    "cross_doc": {
      "mrr": 0.0,
      "ndcg": 0.0,
      "map": 0.0,
      "precision": 0.0,
      "recall": 0.0,
      "subtopic_recall": 0.0,
      "doc_coverage": 0.675,
      "count": 4
    },
    "natural": {
      "mrr": 0.75,
      "ndcg": 0.5106326124691704,
      "map": 0.29271825396825396,
      "precision": 0.375,
      "recall": 0.24877450980392157,
      "subtopic_recall": 0.25592251950947603,
      "doc_coverage": 0.8,
      "count": 4
    },
    "negative": {
      "mrr": 0.0,
      "ndcg": 0.1093381197875775,
      "map": 0.0,
      "precision": 0.0,
      "recall": 0.0,
      "subtopic_recall": 0.0,
      "doc_coverage": 0.75,
      "count": 4
    }
  },
  "auto_filled": 0,
  "unjudged": 0
}