{
  "name": "mmr-lambda07",
  "k": 10,
  "created": "2026-02-03 22:34:56",
  "latency_ms": {
    "p50": 249.6,
    "p95": 607.9
  },
  "metrics": {
    "mrr": {
      "1": 0.8125,
      "3": 0.84375,
      "5": 0.84375,
      "10": 0.84375
    },
    "ndcg": {
      "1": 0.7083333333333334,
      "3": 0.6601231964401584,
      "5": 0.6056892182071919,
      "10": 0.5915044345132822
    },
    "map": {
      "1": 0.8125,
      "3": 0.6354166666666666,
      "5": 0.536875,
      "10": 0.5237796044343663
    },
    "precision": {
      "1": 0.8125,
      "3": 0.5833333333333334,
      "5": 0.45,
      "10": 0.3
    },
    "recall": {
      "1": 0.2248015873015873,
      "3": 0.41651785714285716,
      "5": 0.4910218253968254,
      "10": 0.5953125
    },
    "hit_rate": {
      "1": 0.8125,
      "3": 0.875,
      "5": 0.875,
      "10": 0.875
    },
    "subtopic_recall": {
      "1": 0.32861373823544876,
      "3": 0.5170138615039931,
      "5": 0.5997068629469945,
      "10": 0.6613417558318874
    },
    "alpha_ndcg": {
      "1": 1.4136904761904763,
      "3": 1.176183293908244,
      "5": 1.0740648444323202,
      "10": 1.006043277193606
    },
    "doc_coverage": {
      "1": 1.0,
      "3": 0.5208333333333333,
      "5": 0.36250000000000004,
      "10": 0.225
    }
  },
  "negative_fp_rate": {
    "1": 0.0,
    "3": 0.0,
    "5": 0.0,
    "10": 0.0
  },
  "by_category": {
    "exact_lookup": {
      "mrr": 0.75,
      "ndcg": 0.616833769089801,
      "map": 0.5515101410934744,
      "precision": 0.325,
      "recall": 0.6,
      "subtopic_recall": 0.6,
      "doc_coverage": 0.125,
      "count": 4
    },
    "conceptual": {
      "mrr": 0.625,
      "ndcg": 0.479643487590764,
      "map": 0.43214285714285716,
      "precision": 0.275,
      "recall": 0.5357142857142857,
      "subtopic_recall": 0.5928571428571429,
      "doc_coverage": 0.25,
      "count": 4
    },
    "cross_doc": {
      "mrr": 1.0,
      "ndcg": 0.6264180932273509,
      "map": 0.5760487528344671,
      "precision": 0.4,
      "recall": 0.6205357142857143,
      "subtopic_recall": 0.7518154360259623,
      "doc_coverage": 0.275,
      "count": 4
    },
    "natural": {
      "mrr": 1.0,
      "ndcg": 0.6431223881452129,
      "map": 0.5354166666666667,
      "precision": 0.2,
      "recall": 0.625,
      "subtopic_recall": 0.7006944444444444,
      "doc_coverage": 0.25,
      "count": 4
    },
    "negative": {
      "mrr": 0.0,
      "ndcg": 0.0,
      "map": 0.0,
      "precision": 0.0,
      "recall": 0.0,
      "subtopic_recall": 0.0,
      "doc_coverage": 0.275,
      "count": 4
    }
  }
}