{
  "name": "no-diversity",
  "k": 10,
  "created": "2026-02-03 22:31:16",
  "latency_ms": {
    "p50": 314.4,
    "p95": 1874.0
  },
  "metrics": {
    "mrr": {
      "1": 0.8125,
      "3": 0.84375,
      "5": 0.84375,
      "10": 0.84375
    },
    "ndcg": {
      "1": 0.7083333333333334,
      "3": 0.6774137904288989,
      "5": 0.6156834340360888,
      "10": 0.5873034255473133
    },
    "map": {
      "1": 0.8125,
      "3": 0.6701388888888888,
      "5": 0.5602083333333333,
      "10": 0.5297133841962711
    },
    "precision": {
      "1": 0.8125,
      "3": 0.625,
      "5": 0.4625,
      "10": 0.29375
    },
    "recall": {
      "1": 0.2248015873015873,
      "3": 0.44055059523809526,
      "5": 0.5014384920634921,
      "10": 0.5863839285714285
    },
    "hit_rate": {
      "1": 0.8125,
      "3": 0.875,
      "5": 0.875,
      "10": 0.875
    },
    "subtopic_recall": {
      "1": 0.32861373823544876,
      "3": 0.5295817395323974,
      "5": 0.6031790851692167,
      "10": 0.6616393748795064
    },
    "alpha_ndcg": {
      "1": 1.4136904761904763,
      "3": 1.2167136953493223,
      "5": 1.0956172512696185,
      "10": 1.003414508953306
    },
    "doc_coverage": {
      "1": 1.0,
      "3": 0.4583333333333333,
      "5": 0.3375,
      "10": 0.20625000000000002
    }
  },
  "negative_fp_rate": {
    "1": 0.0,
    "3": 0.0,
    "5": 0.0,
    "10": 0.0
  },
  "by_category": {
    "exact_lookup": {
      "mrr": 0.75,
      "ndcg": 0.6401256770659967,
      "map": 0.5765101410934744,
      "precision": 0.325,
      "recall": 0.6,
      "subtopic_recall": 0.6,
      "doc_coverage": 0.125,
      "count": 4
    },
    "conceptual": {
      "mrr": 0.625,
      "ndcg": 0.45869513388469507,
      "map": 0.4027777777777778,
      "precision": 0.25,
      "recall": 0.5,
      "subtopic_recall": 0.594047619047619,
      "doc_coverage": 0.225,
      "count": 4
    },
    "cross_doc": {
      "mrr": 1.0,
      "ndcg": 0.6256955626921507,
      "map": 0.5888711734693878,
      "precision": 0.4,
      "recall": 0.6205357142857143,
      "subtopic_recall": 0.7518154360259623,
      "doc_coverage": 0.275,
      "count": 4
    },
    "natural": {
      "mrr": 1.0,
      "ndcg": 0.6246973285464109,
      "map": 0.5506944444444444,
      "precision": 0.2,
      "recall": 0.625,
      "subtopic_recall": 0.7006944444444444,
      "doc_coverage": 0.2,
      "count": 4
    },
    "negative": {
      "mrr": 0.0,
      "ndcg": 0.0,
      "map": 0.0,
      "precision": 0.0,
      "recall": 0.0,
      "subtopic_recall": 0.0,
      "doc_coverage": 0.275,
      "count": 4
    }
  }
}