{
  "name": "no-exact",
  "k": 10,
  "created": "2026-02-07 14:00:32",
  "config": {
    "rrf_k": 60,
    "rrf_weight": 30.0,
    "exact_phrase_bonus": 0,
    "exact_term_bonus": 0,
    "index_penalty": -0.5,
    "diversity_decay": 0.8,
    "mode": "hybrid"
  },
  "latency_ms": {
    "p50": 265.6,
    "p95": 274.6
  },
  "metrics": {
    "mrr": {
      "1": 0.5625,
      "3": 0.59375,
      "5": 0.60625,
      "10": 0.60625
    },
    "ndcg": {
      "1": 0.4642857142857143,
      "3": 0.4226130130527787,
      "5": 0.437925388134296,
      "10": 0.4520696772893232
    },
    "map": {
      "1": 0.5625,
      "3": 0.3993055555555555,
      "5": 0.36833333333333335,
      "10": 0.3059300595238095
    },
    "precision": {
      "1": 0.5625,
      "3": 0.4375,
      "5": 0.4375,
      "10": 0.36875
    },
    "recall": {
      "1": 0.04625009726112667,
      "3": 0.10845345082477435,
      "5": 0.17472426470588234,
      "10": 0.2779810535325241
    },
    "hit_rate": {
      "1": 0.5625,
      "3": 0.625,
      "5": 0.6875,
      "10": 0.6875
    },
    "subtopic_recall": {
      "1": 0.04947101132563089,
      "3": 0.11554136542952158,
      "5": 0.18176509131407062,
      "10": 0.28501971739892606
    },
    "alpha_ndcg": {
      "1": 0.7857142857142857,
      "3": 0.6742259414285404,
      "5": 0.6962401183899767,
      "10": 0.7108805647924085
    },
    "doc_coverage": {
      "1": 1.0,
      "3": 0.75,
      "5": 0.7125,
      "10": 0.6
    }
  },
  "negative_fp_rate": {
    "1": 0.0,
    "3": 0.0,
    "5": 0.0,
    "10": 0.0
  },
  "by_category": {
    "exact_lookup": {
      "mrr": 0.8,
      "ndcg": 0.6507419669694011,
      "map": 0.4332638888888889,
      "precision": 0.5,
      "recall": 0.41109943977591035,
      "subtopic_recall": 0.4129419191919192,
      "doc_coverage": 0.375,
      "count": 4
    },
    "conceptual": {
      "mrr": 0.875,
      "ndcg": 0.6469041297187211,
      "map": 0.4977380952380952,
      "precision": 0.6,
      "recall": 0.45205026455026454,
      "subtopic_recall": 0.4712144308943089,
      "doc_coverage": 0.575,
      "count": 4
    },
    "cross_doc": {
      "mrr": 0.0,
      "ndcg": 0.0,
      "map": 0.0,
      "precision": 0.0,
      "recall": 0.0,
      "subtopic_recall": 0.0,
      "doc_coverage": 0.65,
      "count": 4
    },
    "natural": {
      "mrr": 0.75,
      "ndcg": 0.5106326124691704,
      "map": 0.29271825396825396,
      "precision": 0.375,
      "recall": 0.24877450980392157,
      "subtopic_recall": 0.25592251950947603,
      "doc_coverage": 0.8,
      "count": 4
    },
    "negative": {
      "mrr": 0.0,
      "ndcg": 0.1093381197875775,
      "map": 0.0,
      "precision": 0.0,
      "recall": 0.0,
      "subtopic_recall": 0.0,
      "doc_coverage": 0.75,
      "count": 4
    }
  },
  "auto_filled": 0,
  "unjudged": 0
}