{
  "name": "no-index-penalty",
  "k": 10,
  "created": "2026-02-07 14:00:39",
  "config": {
    "rrf_k": 60,
    "rrf_weight": 30.0,
    "exact_phrase_bonus": 0.3,
    "exact_term_bonus": 0.15,
    "index_penalty": 0,
    "diversity_decay": 0.8,
    "mode": "hybrid"
  },
  "latency_ms": {
    "p50": 264.2,
    "p95": 274.0
  },
  "metrics": {
    "mrr": {
      "1": 0.5625,
      "3": 0.59375,
      "5": 0.609375,
      "10": 0.609375
    },
    "ndcg": {
      "1": 0.5,
      "3": 0.44854151185472213,
      "5": 0.45664061780847254,
      "10": 0.4670450350798869
    },
    "map": {
      "1": 0.5625,
      "3": 0.42013888888888884,
      "5": 0.3720833333333333,
      "10": 0.30928819444444444
    },
    "precision": {
      "1": 0.5625,
      "3": 0.4583333333333333,
      "5": 0.4375,
      "10": 0.36874999999999997
    },
    "recall": {
      "1": 0.04625009726112667,
      "3": 0.11291773653906007,
      "5": 0.17472426470588234,
      "10": 0.28013052443199504
    },
    "hit_rate": {
      "1": 0.5625,
      "3": 0.625,
      "5": 0.6875,
      "10": 0.6875
    },
    "subtopic_recall": {
      "1": 0.04947101132563089,
      "3": 0.12022886542952158,
      "5": 0.18176509131407062,
      "10": 0.2857247478867309
    },
    "alpha_ndcg": {
      "1": 0.8125,
      "3": 0.7021401613031234,
      "5": 0.7120095240013303,
      "10": 0.7199487998820964
    },
    "doc_coverage": {
      "1": 1.0,
      "3": 0.75,
      "5": 0.7125,
      "10": 0.6
    }
  },
  "negative_fp_rate": {
    "1": 0.0,
    "3": 0.0,
    "5": 0.0,
    "10": 0.0
  },
  "by_category": {
    "exact_lookup": {
      "mrr": 0.8125,
      "ndcg": 0.7111484773148422,
      "map": 0.45055555555555554,
      "precision": 0.5,
      "recall": 0.41109943977591035,
      "subtopic_recall": 0.4129419191919192,
      "doc_coverage": 0.375,
      "count": 4
    },
    "conceptual": {
      "mrr": 0.875,
      "ndcg": 0.6463990505355351,
      "map": 0.49387896825396826,
      "precision": 0.6,
      "recall": 0.46064814814814814,
      "subtopic_recall": 0.4740345528455285,
      "doc_coverage": 0.575,
      "count": 4
    },
    "cross_doc": {
      "mrr": 0.0,
      "ndcg": 0.0,
      "map": 0.0,
      "precision": 0.0,
      "recall": 0.0,
      "subtopic_recall": 0.0,
      "doc_coverage": 0.65,
      "count": 4
    },
    "natural": {
      "mrr": 0.75,
      "ndcg": 0.5106326124691704,
      "map": 0.29271825396825396,
      "precision": 0.375,
      "recall": 0.24877450980392157,
      "subtopic_recall": 0.25592251950947603,
      "doc_coverage": 0.8,
      "count": 4
    },
    "negative": {
      "mrr": 0.0,
      "ndcg": 0.1093381197875775,
      "map": 0.0,
      "precision": 0.0,
      "recall": 0.0,
      "subtopic_recall": 0.0,
      "doc_coverage": 0.75,
      "count": 4
    }
  },
  "auto_filled": 0,
  "unjudged": 0
}