{
  "name": "matrix-20260225-no-reranker",
  "k": 10,
  "runs": 1,
  "created": "2026-02-25 16:39:23",
  "latency_ms": {
    "p50": 109.6,
    "p95": 255.9
  },
  "metrics": {
    "ndcg": {
      "1": 0.6794871794871795,
      "3": 0.6467611446784717,
      "5": 0.6678815058764553,
      "10": 0.7031103628133285
    },
    "mrr": {
      "1": 0.6923076923076923,
      "3": 0.7435897435897435,
      "5": 0.7685897435897436,
      "10": 0.7733974358974359
    },
    "precision": {
      "1": 0.6923076923076923,
      "3": 0.5641025641025641,
      "5": 0.5307692307692308,
      "10": 0.4461538461538461
    },
    "map": {
      "1": 0.6923076923076923,
      "3": 0.563034188034188,
      "5": 0.5197435897435898,
      "10": 0.5137225274725274
    },
    "recall": {
      "1": 0.12120310245310245,
      "3": 0.2534805472305472,
      "5": 0.42127455877455877,
      "10": 0.6455010267510268
    },
    "hit_rate": {
      "1": 0.6923076923076923,
      "3": 0.8076923076923077,
      "5": 0.9230769230769231,
      "10": 0.9615384615384616
    },
    "doc_coverage": {
      "1": 1.0,
      "3": 0.47435897435897434,
      "5": 0.39230769230769236,
      "10": 0.27692307692307694
    },
    "subtopic_recall": {
      "1": 0.13123727257733614,
      "3": 0.26862410386963614,
      "5": 0.44002716591136226,
      "10": 0.6566740797423809
    },
    "alpha_ndcg": {
      "1": 1.0915750915750915,
      "3": 1.0478981336147755,
      "5": 1.0752625864620382,
      "10": 1.1021284836081013
    }
  },
  "negative_fp_rate": {
    "1": 0.0,
    "3": 0.0,
    "5": 0.0,
    "10": 0.0
  },
  "by_category": {
    "exact_lookup": {
      "ndcg": 0.7378483142498125,
      "mrr": 0.7833333333333333,
      "map": 0.6201058201058202,
      "precision": 0.2833333333333333,
      "recall": 0.9583333333333334,
      "subtopic_recall": 0.9583333333333334,
      "doc_coverage": 0.26666666666666666,
      "count": 6
    },
    "conceptual": {
      "ndcg": 0.6208932729139995,
      "mrr": 0.6041666666666666,
      "map": 0.4779761904761905,
      "precision": 0.35000000000000003,
      "recall": 0.6222222222222222,
      "subtopic_recall": 0.6263888888888889,
      "doc_coverage": 0.2333333333333333,
      "count": 6
    },
    "cross_doc": {
      "ndcg": 0.7556187217238417,
      "mrr": 1.0,
      "map": 0.5728075396825396,
      "precision": 0.6625,
      "recall": 0.4629892676767677,
      "subtopic_recall": 0.467690956179614,
      "doc_coverage": 0.3,
      "count": 8
    },
    "natural": {
      "ndcg": 0.6805783560621559,
      "mrr": 0.6305555555555555,
      "map": 0.3643055555555555,
      "precision": 0.4166666666666667,
      "recall": 0.5992965367965368,
      "subtopic_recall": 0.6372775150886095,
      "doc_coverage": 0.3,
      "count": 6
    },
    "negative": {
      "ndcg": 0.0752574989159953,
      "mrr": 0.0,
      "map": 0.0,
      "precision": 0.0,
      "recall": 0.0,
      "subtopic_recall": 0.0,
      "doc_coverage": 0.25,
      "count": 4
    }
  },
  "auto_filled": 0,
  "unjudged": 0
}