{
  "name": "rrf-k20",
  "k": 10,
  "created": "2026-02-07 14:00:11",
  "config": {
    "rrf_k": 20,
    "rrf_weight": 30.0,
    "exact_phrase_bonus": 0.3,
    "exact_term_bonus": 0.15,
    "index_penalty": -0.5,
    "diversity_decay": 0.8,
    "mode": "hybrid"
  },
  "latency_ms": {
    "p50": 274.9,
    "p95": 288.2
  },
  "metrics": {
    "mrr": {
      "1": 0.5625,
      "3": 0.59375,
      "5": 0.60625,
      "10": 0.60625
    },
    "ndcg": {
      "1": 0.5,
      "3": 0.431491049477121,
      "5": 0.43760146422639695,
      "10": 0.4685709312205059
    },
    "map": {
      "1": 0.5625,
      "3": 0.3993055555555555,
      "5": 0.3627083333333333,
      "10": 0.3238864087301587
    },
    "precision": {
      "1": 0.5625,
      "3": 0.4375,
      "5": 0.425,
      "10": 0.3875
    },
    "recall": {
      "1": 0.04625009726112667,
      "3": 0.10845345082477435,
      "5": 0.17025997899159664,
      "10": 0.29133014316837846
    },
    "hit_rate": {
      "1": 0.5625,
      "3": 0.625,
      "5": 0.6875,
      "10": 0.6875
    },
    "subtopic_recall": {
      "1": 0.04947101132563089,
      "3": 0.11554136542952158,
      "5": 0.17719192058236333,
      "10": 0.2995557022474109
    },
    "alpha_ndcg": {
      "1": 0.8125,
      "3": 0.6808844687467972,
      "5": 0.6929807970608808,
      "10": 0.7353939499129312
    },
    "doc_coverage": {
      "1": 1.0,
      "3": 0.7291666666666666,
      "5": 0.7,
      "10": 0.56875
    }
  },
  "negative_fp_rate": {
    "1": 0.0,
    "3": 0.0,
    "5": 0.0,
    "10": 0.0
  },
  "by_category": {
    "exact_lookup": {
      "mrr": 0.8,
      "ndcg": 0.716920685531071,
      "map": 0.5031150793650794,
      "precision": 0.575,
      "recall": 0.46449579831932775,
      "subtopic_recall": 0.4710858585858586,
      "doc_coverage": 0.3,
      "count": 4
    },
    "conceptual": {
      "mrr": 0.875,
      "ndcg": 0.6467304268817823,
      "map": 0.49971230158730157,
      "precision": 0.6,
      "recall": 0.45205026455026454,
      "subtopic_recall": 0.4712144308943089,
      "doc_coverage": 0.525,
      "count": 4
    },
    "cross_doc": {
      "mrr": 0.0,
      "ndcg": 0.0,
      "map": 0.0,
      "precision": 0.0,
      "recall": 0.0,
      "subtopic_recall": 0.0,
      "doc_coverage": 0.65,
      "count": 4
    },
    "natural": {
      "mrr": 0.75,
      "ndcg": 0.5106326124691704,
      "map": 0.29271825396825396,
      "precision": 0.375,
      "recall": 0.24877450980392157,
      "subtopic_recall": 0.25592251950947603,
      "doc_coverage": 0.8,
      "count": 4
    },
    "negative": {
      "mrr": 0.0,
      "ndcg": 0.1093381197875775,
      "map": 0.0,
      "precision": 0.0,
      "recall": 0.0,
      "subtopic_recall": 0.0,
      "doc_coverage": 0.75,
      "count": 4
    }
  },
  "auto_filled": 0,
  "unjudged": 0
}