{
  "name": "rrf-k120",
  "k": 10,
  "created": "2026-02-07 14:00:20",
  "config": {
    "rrf_k": 120,
    "rrf_weight": 30.0,
    "exact_phrase_bonus": 0.3,
    "exact_term_bonus": 0.15,
    "index_penalty": -0.5,
    "diversity_decay": 0.8,
    "mode": "hybrid"
  },
  "latency_ms": {
    "p50": 311.4,
    "p95": 355.9
  },
  "metrics": {
    "mrr": {
      "1": 0.5625,
      "3": 0.6145833333333334,
      "5": 0.6145833333333334,
      "10": 0.6145833333333334
    },
    "ndcg": {
      "1": 0.5,
      "3": 0.4631995586616494,
      "5": 0.4560446512237635,
      "10": 0.46347620622615426
    },
    "map": {
      "1": 0.5625,
      "3": 0.4270833333333333,
      "5": 0.385625,
      "10": 0.3244742063492063
    },
    "precision": {
      "1": 0.5625,
      "3": 0.47916666666666663,
      "5": 0.45,
      "10": 0.38125
    },
    "recall": {
      "1": 0.04625009726112667,
      "3": 0.12541773653906008,
      "5": 0.17918855042016807,
      "10": 0.28980314347961406
    },
    "hit_rate": {
      "1": 0.5625,
      "3": 0.6875,
      "5": 0.6875,
      "10": 0.6875
    },
    "subtopic_recall": {
      "1": 0.04947101132563089,
      "3": 0.1326145361612289,
      "5": 0.18633826204577794,
      "10": 0.29550625195177155
    },
    "alpha_ndcg": {
      "1": 0.8125,
      "3": 0.7244425340752202,
      "5": 0.7173390878766644,
      "10": 0.7252888405459647
    },
    "doc_coverage": {
      "1": 1.0,
      "3": 0.7291666666666666,
      "5": 0.7125,
      "10": 0.60625
    }
  },
  "negative_fp_rate": {
    "1": 0.0,
    "3": 0.0,
    "5": 0.0,
    "10": 0.0
  },
  "by_category": {
    "exact_lookup": {
      "mrr": 0.8333333333333334,
      "ndcg": 0.6784916984852741,
      "map": 0.43831349206349207,
      "precision": 0.5,
      "recall": 0.41109943977591035,
      "subtopic_recall": 0.4129419191919192,
      "doc_coverage": 0.35,
      "count": 4
    },
    "conceptual": {
      "mrr": 0.875,
      "ndcg": 0.6647805139501726,
      "map": 0.5668650793650793,
      "precision": 0.65,
      "recall": 0.4993386243386243,
      "subtopic_recall": 0.5131605691056911,
      "doc_coverage": 0.6,
      "count": 4
    },
    "cross_doc": {
      "mrr": 0.0,
      "ndcg": 0.0,
      "map": 0.0,
      "precision": 0.0,
      "recall": 0.0,
      "subtopic_recall": 0.0,
      "doc_coverage": 0.675,
      "count": 4
    },
    "natural": {
      "mrr": 0.75,
      "ndcg": 0.5106326124691704,
      "map": 0.29271825396825396,
      "precision": 0.375,
      "recall": 0.24877450980392157,
      "subtopic_recall": 0.25592251950947603,
      "doc_coverage": 0.8,
      "count": 4
    },
    "negative": {
      "mrr": 0.0,
      "ndcg": 0.1093381197875775,
      "map": 0.0,
      "precision": 0.0,
      "recall": 0.0,
      "subtopic_recall": 0.0,
      "doc_coverage": 0.75,
      "count": 4
    }
  },
  "auto_filled": 0,
  "unjudged": 0
}