{
  "name": "score-decay-08",
  "k": 10,
  "created": "2026-02-03 22:42:33",
  "latency_ms": {
    "p50": 250.7,
    "p95": 600.9
  },
  "metrics": {
    "mrr": {
      "1": 0.8125,
      "3": 0.8645833333333334,
      "5": 0.8645833333333334,
      "10": 0.8735119047619048
    },
    "ndcg": {
      "1": 0.7083333333333334,
      "3": 0.7181575140743728,
      "5": 0.7003206968857942,
      "10": 0.7708032907018493
    },
    "map": {
      "1": 0.8125,
      "3": 0.6770833333333334,
      "5": 0.5925,
      "10": 0.6575336986646511
    },
    "precision": {
      "1": 0.8125,
      "3": 0.6458333333333334,
      "5": 0.525,
      "10": 0.43124999999999997
    },
    "recall": {
      "1": 0.2248015873015873,
      "3": 0.446875,
      "5": 0.5572420634920635,
      "10": 0.8500992063492063
    },
    "hit_rate": {
      "1": 0.8125,
      "3": 0.9375,
      "5": 0.9375,
      "10": 1.0
    },
    "subtopic_recall": {
      "1": 0.32861373823544876,
      "3": 0.5498359005760322,
      "5": 0.6569024360142781,
      "10": 0.8897482177909809
    },
    "alpha_ndcg": {
      "1": 1.4136904761904763,
      "3": 1.2578418073546802,
      "5": 1.1933806550617139,
      "10": 1.259311023642785
    },
    "doc_coverage": {
      "1": 1.0,
      "3": 0.75,
      "5": 0.7125,
      "10": 0.59375
    }
  },
  "negative_fp_rate": {
    "1": 0.0,
    "3": 0.0,
    "5": 0.0,
    "10": 0.0
  },
  "by_category": {
    "exact_lookup": {
      "mrr": 0.7857142857142857,
      "ndcg": 0.7255177219770932,
      "map": 0.5723589065255732,
      "precision": 0.35,
      "recall": 0.7694444444444445,
      "subtopic_recall": 0.7920454545454545,
      "doc_coverage": 0.325,
      "count": 4
    },
    "conceptual": {
      "mrr": 0.7083333333333334,
      "ndcg": 0.7311796607892355,
      "map": 0.6570578231292517,
      "precision": 0.475,
      "recall": 0.9017857142857143,
      "subtopic_recall": 0.9331501831501832,
      "doc_coverage": 0.575,
      "count": 4
    },
    "cross_doc": {
      "mrr": 1.0,
      "ndcg": 0.808485599882369,
      "map": 0.7752551020408163,
      "precision": 0.6,
      "recall": 0.875,
      "subtopic_recall": 0.9206027890238416,
      "doc_coverage": 0.675,
      "count": 4
    },
    "natural": {
      "mrr": 1.0,
      "ndcg": 0.8180301801586995,
      "map": 0.6254629629629629,
      "precision": 0.3,
      "recall": 0.8541666666666666,
      "subtopic_recall": 0.9131944444444444,
      "doc_coverage": 0.8,
      "count": 4
    },
    "negative": {
      "mrr": 0.0,
      "ndcg": 0.0,
      "map": 0.0,
      "precision": 0.0,
      "recall": 0.0,
      "subtopic_recall": 0.0,
      "doc_coverage": 0.75,
      "count": 4
    }
  }
}