{
  "name": "score-decay-07",
  "k": 10,
  "created": "2026-02-03 22:41:30",
  "latency_ms": {
    "p50": 359.8,
    "p95": 2091.0
  },
  "metrics": {
    "mrr": {
      "1": 0.8125,
      "3": 0.8645833333333334,
      "5": 0.8770833333333333,
      "10": 0.8770833333333333
    },
    "ndcg": {
      "1": 0.7083333333333334,
      "3": 0.700116159121784,
      "5": 0.7079863288746597,
      "10": 0.7581307004546377
    },
    "map": {
      "1": 0.8125,
      "3": 0.65625,
      "5": 0.5926041666666667,
      "10": 0.6370968265778534
    },
    "precision": {
      "1": 0.8125,
      "3": 0.625,
      "5": 0.525,
      "10": 0.4125
    },
    "recall": {
      "1": 0.2248015873015873,
      "3": 0.42604166666666665,
      "5": 0.5737351190476191,
      "10": 0.8171130952380953
    },
    "hit_rate": {
      "1": 0.8125,
      "3": 0.9375,
      "5": 1.0,
      "10": 1.0
    },
    "subtopic_recall": {
      "1": 0.32861373823544876,
      "3": 0.5394192339093655,
      "5": 0.6735645933014354,
      "10": 0.8689148844576476
    },
    "alpha_ndcg": {
      "1": 1.4136904761904763,
      "3": 1.247317683632337,
      "5": 1.189221119612793,
      "10": 1.2413354201980855
    },
    "doc_coverage": {
      "1": 1.0,
      "3": 0.7708333333333334,
      "5": 0.8125,
      "10": 0.63125
    }
  },
  "negative_fp_rate": {
    "1": 0.0,
    "3": 0.0,
    "5": 0.0,
    "10": 0.0
  },
  "by_category": {
    "exact_lookup": {
      "mrr": 0.8,
      "ndcg": 0.7320065810173484,
      "map": 0.5588624338624338,
      "precision": 0.325,
      "recall": 0.7416666666666667,
      "subtopic_recall": 0.7920454545454545,
      "doc_coverage": 0.35,
      "count": 4
    },
    "conceptual": {
      "mrr": 0.7083333333333334,
      "ndcg": 0.7258400583411322,
      "map": 0.6481540532879819,
      "precision": 0.475,
      "recall": 0.9017857142857143,
      "subtopic_recall": 0.9331501831501832,
      "doc_coverage": 0.6000000000000001,
      "count": 4
    },
    "cross_doc": {
      "mrr": 1.0,
      "ndcg": 0.7783845714564636,
      "map": 0.7281763747165533,
      "precision": 0.575,
      "recall": 0.8125,
      "subtopic_recall": 0.8928250112460638,
      "doc_coverage": 0.725,
      "count": 4
    },
    "natural": {
      "mrr": 1.0,
      "ndcg": 0.7962915910036069,
      "map": 0.6131944444444444,
      "precision": 0.275,
      "recall": 0.8125,
      "subtopic_recall": 0.8576388888888888,
      "doc_coverage": 0.8500000000000001,
      "count": 4
    },
    "negative": {
      "mrr": 0.0,
      "ndcg": 0.0,
      "map": 0.0,
      "precision": 0.0,
      "recall": 0.0,
      "subtopic_recall": 0.0,
      "doc_coverage": 0.875,
      "count": 4
    }
  }
}