{
  "name": "score-decay-085",
  "k": 10,
  "created": "2026-02-03 22:42:47",
  "latency_ms": {
    "p50": 247.1,
    "p95": 575.8
  },
  "metrics": {
    "mrr": {
      "1": 0.8125,
      "3": 0.8645833333333334,
      "5": 0.8645833333333334,
      "10": 0.8723958333333334
    },
    "ndcg": {
      "1": 0.7083333333333334,
      "3": 0.7204234216586525,
      "5": 0.6886270509637089,
      "10": 0.7564100848784189
    },
    "map": {
      "1": 0.8125,
      "3": 0.6770833333333334,
      "5": 0.58609375,
      "10": 0.6561245551461325
    },
    "precision": {
      "1": 0.8125,
      "3": 0.6458333333333334,
      "5": 0.5125000000000001,
      "10": 0.43125
    },
    "recall": {
      "1": 0.2248015873015873,
      "3": 0.446875,
      "5": 0.5468253968253968,
      "10": 0.8449156746031746
    },
    "hit_rate": {
      "1": 0.8125,
      "3": 0.9375,
      "5": 0.9375,
      "10": 1.0
    },
    "subtopic_recall": {
      "1": 0.32861373823544876,
      "3": 0.5498359005760322,
      "5": 0.6469818010936432,
      "10": 0.903382208069708
    },
    "alpha_ndcg": {
      "1": 1.4136904761904763,
      "3": 1.2601077149389601,
      "5": 1.1730047237132035,
      "10": 1.2564425149209688
    },
    "doc_coverage": {
      "1": 1.0,
      "3": 0.7083333333333333,
      "5": 0.625,
      "10": 0.55
    }
  },
  "negative_fp_rate": {
    "1": 0.0,
    "3": 0.0,
    "5": 0.0,
    "10": 0.0
  },
  "by_category": {
    "exact_lookup": {
      "mrr": 0.78125,
      "ndcg": 0.7105059755124554,
      "map": 0.5769653880070547,
      "precision": 0.35000000000000003,
      "recall": 0.7472222222222222,
      "subtopic_recall": 0.7897727272727273,
      "doc_coverage": 0.3,
      "count": 4
    },
    "conceptual": {
      "mrr": 0.7083333333333334,
      "ndcg": 0.6995388330785596,
      "map": 0.6246173469387755,
      "precision": 0.44999999999999996,
      "recall": 0.8660714285714286,
      "subtopic_recall": 0.9331501831501832,
      "doc_coverage": 0.525,
      "count": 4
    },
    "cross_doc": {
      "mrr": 1.0,
      "ndcg": 0.784831208915184,
      "map": 0.7814803004535147,
      "precision": 0.6,
      "recall": 0.8705357142857143,
      "subtopic_recall": 0.9218559218559218,
      "doc_coverage": 0.6,
      "count": 4
    },
    "natural": {
      "mrr": 1.0,
      "ndcg": 0.8307643220074763,
      "map": 0.6414351851851852,
      "precision": 0.325,
      "recall": 0.8958333333333334,
      "subtopic_recall": 0.96875,
      "doc_coverage": 0.775,
      "count": 4
    },
    "negative": {
      "mrr": 0.0,
      "ndcg": 0.0,
      "map": 0.0,
      "precision": 0.0,
      "recall": 0.0,
      "subtopic_recall": 0.0,
      "doc_coverage": 0.7,
      "count": 4
    }
  }
}