{
  "name": "strong-diversity",
  "k": 10,
  "created": "2026-02-07 14:00:04",
  "config": {
    "rrf_k": 60,
    "rrf_weight": 30.0,
    "exact_phrase_bonus": 0.3,
    "exact_term_bonus": 0.15,
    "index_penalty": -0.5,
    "diversity_decay": 0.5,
    "mode": "hybrid"
  },
  "latency_ms": {
    "p50": 262.8,
    "p95": 286.6
  },
  "metrics": {
    "mrr": {
      "1": 0.5625,
      "3": 0.5833333333333334,
      "5": 0.5833333333333334,
      "10": 0.5902777777777778
    },
    "ndcg": {
      "1": 0.5,
      "3": 0.41490291052985817,
      "5": 0.3925034096969196,
      "10": 0.40338991174609057
    },
    "map": {
      "1": 0.5625,
      "3": 0.3819444444444444,
      "5": 0.2972916666666667,
      "10": 0.2538244047619047
    },
    "precision": {
      "1": 0.5625,
      "3": 0.41666666666666663,
      "5": 0.35000000000000003,
      "10": 0.31875
    },
    "recall": {
      "1": 0.04625009726112667,
      "3": 0.09803678415810768,
      "5": 0.12878588935574228,
      "10": 0.2395755524431995
    },
    "hit_rate": {
      "1": 0.5625,
      "3": 0.625,
      "5": 0.625,
      "10": 0.6875
    },
    "subtopic_recall": {
      "1": 0.04947101132563089,
      "3": 0.10334913058103673,
      "5": 0.13533201050598984,
      "10": 0.2475381948564279
    },
    "alpha_ndcg": {
      "1": 0.8125,
      "3": 0.6579192408140067,
      "5": 0.620341296657478,
      "10": 0.6377052315047347
    },
    "doc_coverage": {
      "1": 1.0,
      "3": 0.8958333333333334,
      "5": 0.85,
      "10": 0.725
    }
  },
  "negative_fp_rate": {
    "1": 0.0,
    "3": 0.0,
    "5": 0.0,
    "10": 0.0
  },
  "by_category": {
    "exact_lookup": {
      "mrr": 0.7777777777777778,
      "ndcg": 0.5254735178539729,
      "map": 0.25571428571428567,
      "precision": 0.325,
      "recall": 0.2574579831932773,
      "subtopic_recall": 0.2654040404040404,
      "doc_coverage": 0.5,
      "count": 4
    },
    "conceptual": {
      "mrr": 0.8333333333333334,
      "ndcg": 0.6240836831941271,
      "map": 0.5104761904761904,
      "precision": 0.625,
      "recall": 0.48148148148148145,
      "subtopic_recall": 0.4948678861788618,
      "doc_coverage": 0.725,
      "count": 4
    },
    "cross_doc": {
      "mrr": 0.0,
      "ndcg": 0.0,
      "map": 0.0,
      "precision": 0.0,
      "recall": 0.0,
      "subtopic_recall": 0.0,
      "doc_coverage": 0.75,
      "count": 4
    },
    "natural": {
      "mrr": 0.75,
      "ndcg": 0.46400244593626233,
      "map": 0.24910714285714283,
      "precision": 0.325,
      "recall": 0.2193627450980392,
      "subtopic_recall": 0.22988085284280935,
      "doc_coverage": 0.925,
      "count": 4
    },
    "negative": {
      "mrr": 0.0,
      "ndcg": 0.07238074705871436,
      "map": 0.0,
      "precision": 0.0,
      "recall": 0.0,
      "subtopic_recall": 0.0,
      "doc_coverage": 0.95,
      "count": 4
    }
  },
  "auto_filled": 0,
  "unjudged": 0
}