{
  "name": "vector-only",
  "k": 10,
  "created": "2026-02-07 13:59:49",
  "config": {
    "rrf_k": 60,
    "rrf_weight": 30.0,
    "exact_phrase_bonus": 0.3,
    "exact_term_bonus": 0.15,
    "index_penalty": -0.5,
    "diversity_decay": 0.8,
    "mode": "vector_only"
  },
  "latency_ms": {
    "p50": 250.8,
    "p95": 268.7
  },
  "metrics": {
    "mrr": {
      "1": 0.625,
      "3": 0.625,
      "5": 0.625,
      "10": 0.625
    },
    "ndcg": {
      "1": 0.5625,
      "3": 0.46804374040550745,
      "5": 0.47477577950346384,
      "10": 0.47547105331267986
    },
    "map": {
      "1": 0.625,
      "3": 0.4444444444444444,
      "5": 0.3772916666666667,
      "10": 0.312458664021164
    },
    "precision": {
      "1": 0.625,
      "3": 0.4583333333333333,
      "5": 0.425,
      "10": 0.36875
    },
    "recall": {
      "1": 0.050714382975412385,
      "3": 0.10382382119514472,
      "5": 0.164869767351385,
      "10": 0.27671276844070963
    },
    "hit_rate": {
      "1": 0.625,
      "3": 0.625,
      "5": 0.625,
      "10": 0.625
    },
    "subtopic_recall": {
      "1": 0.05404418205733821,
      "3": 0.10847005132695747,
      "5": 0.17331063806656993,
      "10": 0.28295385988834426
    },
    "alpha_ndcg": {
      "1": 0.8928571428571429,
      "3": 0.7450898822691362,
      "5": 0.7482730817872236,
      "10": 0.74180072483625
    },
    "doc_coverage": {
      "1": 1.0,
      "3": 0.5,
      "5": 0.375,
      "10": 0.225
    }
  },
  "negative_fp_rate": {
    "1": 0.0,
    "3": 0.0,
    "5": 0.0,
    "10": 0.0
  },
  "by_category": {
    "exact_lookup": {
      "mrr": 0.75,
      "ndcg": 0.6192858365840361,
      "map": 0.3757738095238095,
      "precision": 0.45,
      "recall": 0.31109943977591037,
      "subtopic_recall": 0.3178030303030303,
      "doc_coverage": 0.15,
      "count": 4
    },
    "conceptual": {
      "mrr": 1.0,
      "ndcg": 0.7060502308128435,
      "map": 0.5502513227513227,
      "precision": 0.625,
      "recall": 0.5,
      "subtopic_recall": 0.5145071138211382,
      "doc_coverage": 0.225,
      "count": 4
    },
    "cross_doc": {
      "mrr": 0.0,
      "ndcg": 0.0,
      "map": 0.0,
      "precision": 0.0,
      "recall": 0.0,
      "subtopic_recall": 0.0,
      "doc_coverage": 0.25,
      "count": 4
    },
    "natural": {
      "mrr": 0.75,
      "ndcg": 0.57654814585384,
      "map": 0.3238095238095238,
      "precision": 0.4,
      "recall": 0.2957516339869281,
      "subtopic_recall": 0.29950529542920845,
      "doc_coverage": 0.275,
      "count": 4
    },
    "negative": {
      "mrr": 0.0,
      "ndcg": 0.25,
      "map": 0.0,
      "precision": 0.0,
      "recall": 0.0,
      "subtopic_recall": 0.0,
      "doc_coverage": 0.275,
      "count": 4
    }
  },
  "auto_filled": 0,
  "unjudged": 0
}